﻿[{"agency_id":"KOSIS","series_id":"118_DT_118N_MON034-S-13103110311MD_12-15118INDUSTRY_9SC31-13102110311SIZES_09-14999118_A005","series_nm":"반기평균 (반기 2008 1\/2~2010 2\/2)-반기-전체임금총액-기타운송장비제조업-4규모(100~299인)-원","series_alias":"","dataset_id":"118_DT_118N_MON034","freq_code":"S","freq_nm":"Semester, Half-yearly","area_code":"","area_nm":"","unit_code":"14999118_A005","unit_nm":"원","expn_code":"","base_period":"","series_desc":"","upd_dt":"20190513","scrp_dt":"20190515"}
,{"agency_id":"KOSIS","series_id":"118_DT_118N_MON033-Q-13103110311MD_12-15118INDUSTRY_9SH50-13102110311SIZES_03-14999118_A005","series_nm":"분기평균 (분기 2008 1\/4~2010 4\/4)-분기-전체임금총액-수상운송업-30인이상-원","series_alias":"","dataset_id":"118_DT_118N_MON033","freq_code":"Q","freq_nm":"Quarterly","area_code":"","area_nm":"","unit_code":"14999118_A005","unit_nm":"원","expn_code":"","base_period":"","series_desc":"","upd_dt":"20190513","scrp_dt":"20190515"}
,{"agency_id":"KOSIS","series_id":"118_DT_118N_MON044-S-13103110311MD_7-15118INDUSTRY_9SC32-15118SIZE_MON180620size04-14999118_A004","series_nm":"반기평균 (반기 2011 1\/2~2018 2\/2)-반기-전체근로시간-가구제조업-30인이상-시간","series_alias":"","dataset_id":"118_DT_118N_MON044","freq_code":"S","freq_nm":"Semester, Half-yearly","area_code":"","area_nm":"","unit_code":"14999118_A004","unit_nm":"시간","expn_code":"","base_period":"","series_desc":"","upd_dt":"20190513","scrp_dt":"20190515"}
,{"agency_id":"KOSIS","series_id":"118_DT_118N_MON035-A-13103110311MD_4-15118INDUSTRY_9SK-13102110311SIZES_06-14999118_A003","series_nm":"연평균 (년 2008~2010)-년-전체근로일수-K. 금융및보험업(64~66)-1규모 (5~9인)-일","series_alias":"","dataset_id":"118_DT_118N_MON035","freq_code":"A","freq_nm":"Annual, Yearly","area_code":"","area_nm":"","unit_code":"14999118_A003","unit_nm":"일","expn_code":"","base_period":"","series_desc":"","upd_dt":"20190513","scrp_dt":"20190515"}
,{"agency_id":"KOSIS","series_id":"118_DT_118N_MON043-Q-13103110311MD_12-15118INDUSTRY_9SB-15118SIZE_MON180620size01-14999118_A005","series_nm":"분기평균 (분기 2011 1\/4~2018 4\/4)-분기-전체임금총액-B. 광업(05~08)-전규모(1인이상)-원","series_alias":"","dataset_id":"118_DT_118N_MON043","freq_code":"Q","freq_nm":"Quarterly","area_code":"","area_nm":"","unit_code":"14999118_A005","unit_nm":"원","expn_code":"","base_period":"","series_desc":"","upd_dt":"20190513","scrp_dt":"20190515"}
,{"agency_id":"BIS","series_id":"BIS_CBPOL-D-AR","series_nm":"BIS_CBPOL-Daily-Argentina","series_alias":"BIS_CBPOL-Daily-Argentina","dataset_id":"BIS_CBPOL","freq_code":"D","freq_nm":"Daily","area_code":"AR","area_nm":"Argentina","unit_code":"PA","unit_nm":"Percent per annum","expn_code":"0","base_period":"","series_desc":"","upd_dt":"20190513","scrp_dt":"20190515"}
,{"agency_id":"BIS","series_id":"BIS_CBPOL-D-AU","series_nm":"BIS_CBPOL-Daily-Australia","series_alias":"BIS_CBPOL-Daily-Australia","dataset_id":"BIS_CBPOL","freq_code":"D","freq_nm":"Daily","area_code":"AU","area_nm":"Australia","unit_code":"PA","unit_nm":"Percent per annum","expn_code":"0","base_period":"","series_desc":"","upd_dt":"20190513","scrp_dt":"20190515"}
,{"agency_id":"BIS","series_id":"BIS_CBPOL-D-BR","series_nm":"BIS_CBPOL-Daily-Brazil","series_alias":"BIS_CBPOL-Daily-Brazil","dataset_id":"BIS_CBPOL","freq_code":"D","freq_nm":"Daily","area_code":"BR","area_nm":"Brazil","unit_code":"PA","unit_nm":"Percent per annum","expn_code":"0","base_period":"","series_desc":"","upd_dt":"20190513","scrp_dt":"20190515"}
,{"agency_id":"BIS","series_id":"BIS_CBPOL-D-CA","series_nm":"BIS_CBPOL-Daily-Canada","series_alias":"BIS_CBPOL-Daily-Canada","dataset_id":"BIS_CBPOL","freq_code":"D","freq_nm":"Daily","area_code":"CA","area_nm":"Canada","unit_code":"PA","unit_nm":"Percent per annum","expn_code":"0","base_period":"","series_desc":"","upd_dt":"20190513","scrp_dt":"20190515"}
,{"agency_id":"BIS","series_id":"BIS_CBPOL-D-CH","series_nm":"BIS_CBPOL-Daily-Switzerland","series_alias":"BIS_CBPOL-Daily-Switzerland","dataset_id":"BIS_CBPOL","freq_code":"D","freq_nm":"Daily","area_code":"CH","area_nm":"Switzerland","unit_code":"PA","unit_nm":"Percent per annum","expn_code":"0","base_period":"","series_desc":"","upd_dt":"20190513","scrp_dt":"20190515"}
,{"agency_id":"CPB","series_id":"INPRO_OUT-A1-QNMI_SM-2010=100-M","series_nm":"Industrial production volume excluding construction, fixed base 2010=100-Emerging Asia-Import weighted, seasonally adjusted-2010=100-Monthly","series_alias":"Industrial production volume excluding construction, fixed base 2010=100-Emerging Asia-Import weighted, seasonally adjusted-2010=100-Monthly","dataset_id":"INPRO_OUT","freq_code":"M","freq_nm":"Monthly","area_code":"","area_nm":"","unit_code":"2010=100","unit_nm":"2010=100","expn_code":"0","base_period":"2010=100","series_desc":"","upd_dt":"20190513","scrp_dt":"20190515"}
,{"agency_id":"CPB","series_id":"INPRO_OUT-A1-QNMI_SP-2010=100-M","series_nm":"Industrial production volume excluding construction, fixed base 2010=100-Emerging Asia-Production weighted, seasonally adjusted-2010=100-Monthly","series_alias":"Industrial production volume excluding construction, fixed base 2010=100-Emerging Asia-Production weighted, seasonally adjusted-2010=100-Monthly","dataset_id":"INPRO_OUT","freq_code":"M","freq_nm":"Monthly","area_code":"","area_nm":"","unit_code":"2010=100","unit_nm":"2010=100","expn_code":"0","base_period":"2010=100","series_desc":"","upd_dt":"20190513","scrp_dt":"20190515"}
,{"agency_id":"CPB","series_id":"INPRO_OUT-D1-QNMI_SM-2010=100-M","series_nm":"Industrial production volume excluding construction, fixed base 2010=100-Emerging economies-Import weighted, seasonally adjusted-2010=100-Monthly","series_alias":"Industrial production volume excluding construction, fixed base 2010=100-Emerging economies-Import weighted, seasonally adjusted-2010=100-Monthly","dataset_id":"INPRO_OUT","freq_code":"M","freq_nm":"Monthly","area_code":"","area_nm":"","unit_code":"2010=100","unit_nm":"2010=100","expn_code":"0","base_period":"2010=100","series_desc":"","upd_dt":"20190513","scrp_dt":"20190515"}
,{"agency_id":"CPB","series_id":"INPRO_OUT-D1-QNMI_SP-2010=100-M","series_nm":"Industrial production volume excluding construction, fixed base 2010=100-Emerging economies-Production weighted, seasonally adjusted-2010=100-Monthly","series_alias":"Industrial production volume excluding construction, fixed base 2010=100-Emerging economies-Production weighted, seasonally adjusted-2010=100-Monthly","dataset_id":"INPRO_OUT","freq_code":"M","freq_nm":"Monthly","area_code":"","area_nm":"","unit_code":"2010=100","unit_nm":"2010=100","expn_code":"0","base_period":"2010=100","series_desc":"","upd_dt":"20190513","scrp_dt":"20190515"}
,{"agency_id":"CPB","series_id":"INPRO_OUT-E6-QNMI_SM-2010=100-M","series_nm":"Industrial production volume excluding construction, fixed base 2010=100-Euro Area-Import weighted, seasonally adjusted-2010=100-Monthly","series_alias":"Industrial production volume excluding construction, fixed base 2010=100-Euro Area-Import weighted, seasonally adjusted-2010=100-Monthly","dataset_id":"INPRO_OUT","freq_code":"M","freq_nm":"Monthly","area_code":"","area_nm":"","unit_code":"2010=100","unit_nm":"2010=100","expn_code":"0","base_period":"2010=100","series_desc":"","upd_dt":"20190513","scrp_dt":"20190515"}
]