﻿[{"agency_id":"ECOS","series_id":"041U020-MM-AK-DA","series_nm":"전망(지역본부)(2013.2~)-월-제조업 가동률-인천","series_alias":"","dataset_id":"041U020","freq_code":"M","freq_nm":"Monthly","area_code":"","area_nm":"","unit_code":"","unit_nm":"","expn_code":"","base_period":"","series_desc":"","reg_d":20190218,"end_d":99991231,"chk_dt":"","upd_dt":"19\/05\/13"}
,{"agency_id":"ECOS","series_id":"041U020-MM-AK-EA","series_nm":"전망(지역본부)(2013.2~)-월-제조업 가동률-대전충남","series_alias":"","dataset_id":"041U020","freq_code":"M","freq_nm":"Monthly","area_code":"","area_nm":"","unit_code":"","unit_nm":"","expn_code":"","base_period":"","series_desc":"","reg_d":20190218,"end_d":99991231,"chk_dt":"","upd_dt":"19\/05\/13"}
,{"agency_id":"ECOS","series_id":"041U020-MM-AK-EB","series_nm":"전망(지역본부)(2013.2~)-월-제조업 가동률-대전","series_alias":"","dataset_id":"041U020","freq_code":"M","freq_nm":"Monthly","area_code":"","area_nm":"","unit_code":"","unit_nm":"","expn_code":"","base_period":"","series_desc":"","reg_d":20190218,"end_d":99991231,"chk_dt":"","upd_dt":"19\/05\/13"}
,{"agency_id":"ECOS","series_id":"041U020-MM-AK-EC","series_nm":"전망(지역본부)(2013.2~)-월-제조업 가동률-충남","series_alias":"","dataset_id":"041U020","freq_code":"M","freq_nm":"Monthly","area_code":"","area_nm":"","unit_code":"","unit_nm":"","expn_code":"","base_period":"","series_desc":"","reg_d":20190218,"end_d":99991231,"chk_dt":"","upd_dt":"19\/05\/13"}
,{"agency_id":"ECOS","series_id":"041U020-MM-AK-FA","series_nm":"전망(지역본부)(2013.2~)-월-제조업 가동률-광주전남","series_alias":"","dataset_id":"041U020","freq_code":"M","freq_nm":"Monthly","area_code":"","area_nm":"","unit_code":"","unit_nm":"","expn_code":"","base_period":"","series_desc":"","reg_d":20190218,"end_d":99991231,"chk_dt":"","upd_dt":"19\/05\/13"}
,{"agency_id":"ECOS","series_id":"041U020-MM-AK-FB","series_nm":"전망(지역본부)(2013.2~)-월-제조업 가동률-광주","series_alias":"","dataset_id":"041U020","freq_code":"M","freq_nm":"Monthly","area_code":"","area_nm":"","unit_code":"","unit_nm":"","expn_code":"","base_period":"","series_desc":"","reg_d":20190218,"end_d":99991231,"chk_dt":"","upd_dt":"19\/05\/13"}
,{"agency_id":"ECOS","series_id":"041U020-MM-AK-FC","series_nm":"전망(지역본부)(2013.2~)-월-제조업 가동률-전남","series_alias":"","dataset_id":"041U020","freq_code":"M","freq_nm":"Monthly","area_code":"","area_nm":"","unit_code":"","unit_nm":"","expn_code":"","base_period":"","series_desc":"","reg_d":20190218,"end_d":99991231,"chk_dt":"","upd_dt":"19\/05\/13"}
,{"agency_id":"ECOS","series_id":"041U020-MM-AK-GA","series_nm":"전망(지역본부)(2013.2~)-월-제조업 가동률-울산","series_alias":"","dataset_id":"041U020","freq_code":"M","freq_nm":"Monthly","area_code":"","area_nm":"","unit_code":"","unit_nm":"","expn_code":"","base_period":"","series_desc":"","reg_d":20190218,"end_d":99991231,"chk_dt":"","upd_dt":"19\/05\/13"}
,{"agency_id":"ECOS","series_id":"041U008-MM-C2800-BE","series_nm":"전국전망(2009.9~)-월-전기장비    -채산성전망","series_alias":"","dataset_id":"041U008","freq_code":"M","freq_nm":"Monthly","area_code":"","area_nm":"","unit_code":"","unit_nm":"","expn_code":"","base_period":"","series_desc":"","reg_d":20190218,"end_d":99991231,"chk_dt":"","upd_dt":"19\/05\/13"}
,{"agency_id":"ECOS","series_id":"022U113-MM-SA000","series_nm":"경상수지(경상수지 S.A.)-월-경상수지","series_alias":"","dataset_id":"022U113","freq_code":"M","freq_nm":"Monthly","area_code":"","area_nm":"","unit_code":"114","unit_nm":"백만달러 ","expn_code":"","base_period":"","series_desc":"","reg_d":20190218,"end_d":99991231,"chk_dt":"","upd_dt":"19\/05\/13"}
,{"agency_id":"ECOS","series_id":"022U113-MM-SA100","series_nm":"경상수지(경상수지 S.A.)-월-상품수지","series_alias":"","dataset_id":"022U113","freq_code":"M","freq_nm":"Monthly","area_code":"","area_nm":"","unit_code":"114","unit_nm":"백만달러 ","expn_code":"","base_period":"","series_desc":"","reg_d":20190218,"end_d":99991231,"chk_dt":"","upd_dt":"19\/05\/13"}
,{"agency_id":"ECOS","series_id":"022U113-MM-SA110","series_nm":"경상수지(경상수지 S.A.)-월-상품수출","series_alias":"","dataset_id":"022U113","freq_code":"M","freq_nm":"Monthly","area_code":"","area_nm":"","unit_code":"114","unit_nm":"백만달러 ","expn_code":"","base_period":"","series_desc":"","reg_d":20190218,"end_d":99991231,"chk_dt":"","upd_dt":"19\/05\/13"}
,{"agency_id":"ECOS","series_id":"022U113-MM-SA120","series_nm":"경상수지(경상수지 S.A.)-월-상품수입(FOB)","series_alias":"","dataset_id":"022U113","freq_code":"M","freq_nm":"Monthly","area_code":"","area_nm":"","unit_code":"114","unit_nm":"백만달러 ","expn_code":"","base_period":"","series_desc":"","reg_d":20190218,"end_d":99991231,"chk_dt":"","upd_dt":"19\/05\/13"}
,{"agency_id":"ECOS","series_id":"022U113-MM-SA200","series_nm":"경상수지(경상수지 S.A.)-월-서비스수지","series_alias":"","dataset_id":"022U113","freq_code":"M","freq_nm":"Monthly","area_code":"","area_nm":"","unit_code":"114","unit_nm":"백만달러 ","expn_code":"","base_period":"","series_desc":"","reg_d":20190218,"end_d":99991231,"chk_dt":"","upd_dt":"19\/05\/13"}
,{"agency_id":"ECOS","series_id":"008U003-MM-1111000-P","series_nm":"예금취급기관의 가계대출 지역별(월별)-월-예금은행-충남","series_alias":"","dataset_id":"008U003","freq_code":"M","freq_nm":"Monthly","area_code":"","area_nm":"","unit_code":"106","unit_nm":"십억원 ","expn_code":"","base_period":"","series_desc":"","reg_d":20190218,"end_d":99991231,"chk_dt":"","upd_dt":"19\/05\/13"}
,{"agency_id":"ECOS","series_id":"008U003-MM-1111000-Q","series_nm":"예금취급기관의 가계대출 지역별(월별)-월-예금은행-전북","series_alias":"","dataset_id":"008U003","freq_code":"M","freq_nm":"Monthly","area_code":"","area_nm":"","unit_code":"106","unit_nm":"십억원 ","expn_code":"","base_period":"","series_desc":"","reg_d":20190218,"end_d":99991231,"chk_dt":"","upd_dt":"19\/05\/13"}
,{"agency_id":"ECOS","series_id":"008U003-MM-1111000-R","series_nm":"예금취급기관의 가계대출 지역별(월별)-월-예금은행-전남","series_alias":"","dataset_id":"008U003","freq_code":"M","freq_nm":"Monthly","area_code":"","area_nm":"","unit_code":"106","unit_nm":"십억원 ","expn_code":"","base_period":"","series_desc":"","reg_d":20190218,"end_d":99991231,"chk_dt":"","upd_dt":"19\/05\/13"}
,{"agency_id":"ECOS","series_id":"008U003-MM-1111000-S","series_nm":"예금취급기관의 가계대출 지역별(월별)-월-예금은행-경북","series_alias":"","dataset_id":"008U003","freq_code":"M","freq_nm":"Monthly","area_code":"","area_nm":"","unit_code":"106","unit_nm":"십억원 ","expn_code":"","base_period":"","series_desc":"","reg_d":20190218,"end_d":99991231,"chk_dt":"","upd_dt":"19\/05\/13"}
,{"agency_id":"ECOS","series_id":"008U003-MM-1111000-T","series_nm":"예금취급기관의 가계대출 지역별(월별)-월-예금은행-경남","series_alias":"","dataset_id":"008U003","freq_code":"M","freq_nm":"Monthly","area_code":"","area_nm":"","unit_code":"106","unit_nm":"십억원 ","expn_code":"","base_period":"","series_desc":"","reg_d":20190218,"end_d":99991231,"chk_dt":"","upd_dt":"19\/05\/13"}
,{"agency_id":"ECOS","series_id":"008U003-MM-1111000-U","series_nm":"예금취급기관의 가계대출 지역별(월별)-월-예금은행-제주","series_alias":"","dataset_id":"008U003","freq_code":"M","freq_nm":"Monthly","area_code":"","area_nm":"","unit_code":"106","unit_nm":"십억원 ","expn_code":"","base_period":"","series_desc":"","reg_d":20190218,"end_d":99991231,"chk_dt":"","upd_dt":"19\/05\/13"}
,{"agency_id":"ECOS","series_id":"008U003-MM-1111000-X","series_nm":"예금취급기관의 가계대출 지역별(월별)-월-예금은행-전국","series_alias":"","dataset_id":"008U003","freq_code":"M","freq_nm":"Monthly","area_code":"","area_nm":"","unit_code":"106","unit_nm":"십억원 ","expn_code":"","base_period":"","series_desc":"","reg_d":20190218,"end_d":99991231,"chk_dt":"","upd_dt":"19\/05\/13"}
,{"agency_id":"ECOS","series_id":"008U003-MM-11110A0-A","series_nm":"예금취급기관의 가계대출 지역별(월별)-월-주택담보대출-서울","series_alias":"","dataset_id":"008U003","freq_code":"M","freq_nm":"Monthly","area_code":"","area_nm":"","unit_code":"106","unit_nm":"십억원 ","expn_code":"","base_period":"","series_desc":"","reg_d":20190218,"end_d":99991231,"chk_dt":"","upd_dt":"19\/05\/13"}
,{"agency_id":"ECOS","series_id":"008U003-MM-11110A0-B","series_nm":"예금취급기관의 가계대출 지역별(월별)-월-주택담보대출-부산","series_alias":"","dataset_id":"008U003","freq_code":"M","freq_nm":"Monthly","area_code":"","area_nm":"","unit_code":"106","unit_nm":"십억원 ","expn_code":"","base_period":"","series_desc":"","reg_d":20190218,"end_d":99991231,"chk_dt":"","upd_dt":"19\/05\/13"}
,{"agency_id":"ECOS","series_id":"008U003-MM-11110A0-C","series_nm":"예금취급기관의 가계대출 지역별(월별)-월-주택담보대출-대구","series_alias":"","dataset_id":"008U003","freq_code":"M","freq_nm":"Monthly","area_code":"","area_nm":"","unit_code":"106","unit_nm":"십억원 ","expn_code":"","base_period":"","series_desc":"","reg_d":20190218,"end_d":99991231,"chk_dt":"","upd_dt":"19\/05\/13"}
,{"agency_id":"ECOS","series_id":"008U003-MM-11110A0-D","series_nm":"예금취급기관의 가계대출 지역별(월별)-월-주택담보대출-인천","series_alias":"","dataset_id":"008U003","freq_code":"M","freq_nm":"Monthly","area_code":"","area_nm":"","unit_code":"106","unit_nm":"십억원 ","expn_code":"","base_period":"","series_desc":"","reg_d":20190218,"end_d":99991231,"chk_dt":"","upd_dt":"19\/05\/13"}
,{"agency_id":"ECOS","series_id":"041U008-MM-C2800-BC","series_nm":"전국전망(2009.9~)-월-전기장비    -생산전망","series_alias":"","dataset_id":"041U008","freq_code":"M","freq_nm":"Monthly","area_code":"","area_nm":"","unit_code":"","unit_nm":"","expn_code":"","base_period":"","series_desc":"","reg_d":20190218,"end_d":99991231,"chk_dt":"","upd_dt":"19\/05\/13"}
,{"agency_id":"ECOS","series_id":"041U008-MM-C2800-BD","series_nm":"전국전망(2009.9~)-월-전기장비    -신규수주전망","series_alias":"","dataset_id":"041U008","freq_code":"M","freq_nm":"Monthly","area_code":"","area_nm":"","unit_code":"","unit_nm":"","expn_code":"","base_period":"","series_desc":"","reg_d":20190218,"end_d":99991231,"chk_dt":"","upd_dt":"19\/05\/13"}
,{"agency_id":"ECOS","series_id":"008U003-MM-11110A0-E","series_nm":"예금취급기관의 가계대출 지역별(월별)-월-주택담보대출-대전","series_alias":"","dataset_id":"008U003","freq_code":"M","freq_nm":"Monthly","area_code":"","area_nm":"","unit_code":"106","unit_nm":"십억원 ","expn_code":"","base_period":"","series_desc":"","reg_d":20190218,"end_d":99991231,"chk_dt":"","upd_dt":"19\/05\/13"}
,{"agency_id":"ECOS","series_id":"008U003-MM-11110A0-F","series_nm":"예금취급기관의 가계대출 지역별(월별)-월-주택담보대출-광주","series_alias":"","dataset_id":"008U003","freq_code":"M","freq_nm":"Monthly","area_code":"","area_nm":"","unit_code":"106","unit_nm":"십억원 ","expn_code":"","base_period":"","series_desc":"","reg_d":20190218,"end_d":99991231,"chk_dt":"","upd_dt":"19\/05\/13"}
,{"agency_id":"ECOS","series_id":"008U003-MM-11110A0-G","series_nm":"예금취급기관의 가계대출 지역별(월별)-월-주택담보대출-울산","series_alias":"","dataset_id":"008U003","freq_code":"M","freq_nm":"Monthly","area_code":"","area_nm":"","unit_code":"106","unit_nm":"십억원 ","expn_code":"","base_period":"","series_desc":"","reg_d":20190218,"end_d":99991231,"chk_dt":"","upd_dt":"19\/05\/13"}
,{"agency_id":"ECOS","series_id":"008U003-MM-11110A0-H","series_nm":"예금취급기관의 가계대출 지역별(월별)-월-주택담보대출-세종","series_alias":"","dataset_id":"008U003","freq_code":"M","freq_nm":"Monthly","area_code":"","area_nm":"","unit_code":"106","unit_nm":"십억원 ","expn_code":"","base_period":"","series_desc":"","reg_d":20190218,"end_d":99991231,"chk_dt":"","upd_dt":"19\/05\/13"}
,{"agency_id":"ECOS","series_id":"008U003-MM-11110A0-L","series_nm":"예금취급기관의 가계대출 지역별(월별)-월-주택담보대출-경기","series_alias":"","dataset_id":"008U003","freq_code":"M","freq_nm":"Monthly","area_code":"","area_nm":"","unit_code":"106","unit_nm":"십억원 ","expn_code":"","base_period":"","series_desc":"","reg_d":20190218,"end_d":99991231,"chk_dt":"","upd_dt":"19\/05\/13"}
,{"agency_id":"ECOS","series_id":"008U003-MM-11110A0-M","series_nm":"예금취급기관의 가계대출 지역별(월별)-월-주택담보대출-강원","series_alias":"","dataset_id":"008U003","freq_code":"M","freq_nm":"Monthly","area_code":"","area_nm":"","unit_code":"106","unit_nm":"십억원 ","expn_code":"","base_period":"","series_desc":"","reg_d":20190218,"end_d":99991231,"chk_dt":"","upd_dt":"19\/05\/13"}
,{"agency_id":"ECOS","series_id":"008U003-MM-11110A0-N","series_nm":"예금취급기관의 가계대출 지역별(월별)-월-주택담보대출-충북","series_alias":"","dataset_id":"008U003","freq_code":"M","freq_nm":"Monthly","area_code":"","area_nm":"","unit_code":"106","unit_nm":"십억원 ","expn_code":"","base_period":"","series_desc":"","reg_d":20190218,"end_d":99991231,"chk_dt":"","upd_dt":"19\/05\/13"}
,{"agency_id":"ECOS","series_id":"008U003-MM-11110A0-P","series_nm":"예금취급기관의 가계대출 지역별(월별)-월-주택담보대출-충남","series_alias":"","dataset_id":"008U003","freq_code":"M","freq_nm":"Monthly","area_code":"","area_nm":"","unit_code":"106","unit_nm":"십억원 ","expn_code":"","base_period":"","series_desc":"","reg_d":20190218,"end_d":99991231,"chk_dt":"","upd_dt":"19\/05\/13"}
,{"agency_id":"ECOS","series_id":"008U003-MM-11110A0-Q","series_nm":"예금취급기관의 가계대출 지역별(월별)-월-주택담보대출-전북","series_alias":"","dataset_id":"008U003","freq_code":"M","freq_nm":"Monthly","area_code":"","area_nm":"","unit_code":"106","unit_nm":"십억원 ","expn_code":"","base_period":"","series_desc":"","reg_d":20190218,"end_d":99991231,"chk_dt":"","upd_dt":"19\/05\/13"}
,{"agency_id":"ECOS","series_id":"008U003-MM-11110A0-R","series_nm":"예금취급기관의 가계대출 지역별(월별)-월-주택담보대출-전남","series_alias":"","dataset_id":"008U003","freq_code":"M","freq_nm":"Monthly","area_code":"","area_nm":"","unit_code":"106","unit_nm":"십억원 ","expn_code":"","base_period":"","series_desc":"","reg_d":20190218,"end_d":99991231,"chk_dt":"","upd_dt":"19\/05\/13"}
,{"agency_id":"ECOS","series_id":"008U003-MM-11110A0-S","series_nm":"예금취급기관의 가계대출 지역별(월별)-월-주택담보대출-경북","series_alias":"","dataset_id":"008U003","freq_code":"M","freq_nm":"Monthly","area_code":"","area_nm":"","unit_code":"106","unit_nm":"십억원 ","expn_code":"","base_period":"","series_desc":"","reg_d":20190218,"end_d":99991231,"chk_dt":"","upd_dt":"19\/05\/13"}
,{"agency_id":"ECOS","series_id":"008U003-MM-11110A0-T","series_nm":"예금취급기관의 가계대출 지역별(월별)-월-주택담보대출-경남","series_alias":"","dataset_id":"008U003","freq_code":"M","freq_nm":"Monthly","area_code":"","area_nm":"","unit_code":"106","unit_nm":"십억원 ","expn_code":"","base_period":"","series_desc":"","reg_d":20190218,"end_d":99991231,"chk_dt":"","upd_dt":"19\/05\/13"}
,{"agency_id":"ECOS","series_id":"008U003-MM-11110A0-U","series_nm":"예금취급기관의 가계대출 지역별(월별)-월-주택담보대출-제주","series_alias":"","dataset_id":"008U003","freq_code":"M","freq_nm":"Monthly","area_code":"","area_nm":"","unit_code":"106","unit_nm":"십억원 ","expn_code":"","base_period":"","series_desc":"","reg_d":20190218,"end_d":99991231,"chk_dt":"","upd_dt":"19\/05\/13"}
,{"agency_id":"ECOS","series_id":"008U003-MM-11110A0-X","series_nm":"예금취급기관의 가계대출 지역별(월별)-월-주택담보대출-전국","series_alias":"","dataset_id":"008U003","freq_code":"M","freq_nm":"Monthly","area_code":"","area_nm":"","unit_code":"106","unit_nm":"십억원 ","expn_code":"","base_period":"","series_desc":"","reg_d":20190218,"end_d":99991231,"chk_dt":"","upd_dt":"19\/05\/13"}
,{"agency_id":"ECOS","series_id":"008U003-MM-11110B0-A","series_nm":"예금취급기관의 가계대출 지역별(월별)-월-기타대출-서울","series_alias":"","dataset_id":"008U003","freq_code":"M","freq_nm":"Monthly","area_code":"","area_nm":"","unit_code":"106","unit_nm":"십억원 ","expn_code":"","base_period":"","series_desc":"","reg_d":20190218,"end_d":99991231,"chk_dt":"","upd_dt":"19\/05\/13"}
,{"agency_id":"ECOS","series_id":"008U003-MM-11110B0-B","series_nm":"예금취급기관의 가계대출 지역별(월별)-월-기타대출-부산","series_alias":"","dataset_id":"008U003","freq_code":"M","freq_nm":"Monthly","area_code":"","area_nm":"","unit_code":"106","unit_nm":"십억원 ","expn_code":"","base_period":"","series_desc":"","reg_d":20190218,"end_d":99991231,"chk_dt":"","upd_dt":"19\/05\/13"}
,{"agency_id":"ECOS","series_id":"008U003-MM-11110B0-C","series_nm":"예금취급기관의 가계대출 지역별(월별)-월-기타대출-대구","series_alias":"","dataset_id":"008U003","freq_code":"M","freq_nm":"Monthly","area_code":"","area_nm":"","unit_code":"106","unit_nm":"십억원 ","expn_code":"","base_period":"","series_desc":"","reg_d":20190218,"end_d":99991231,"chk_dt":"","upd_dt":"19\/05\/13"}
,{"agency_id":"ECOS","series_id":"008U003-MM-11110B0-D","series_nm":"예금취급기관의 가계대출 지역별(월별)-월-기타대출-인천","series_alias":"","dataset_id":"008U003","freq_code":"M","freq_nm":"Monthly","area_code":"","area_nm":"","unit_code":"106","unit_nm":"십억원 ","expn_code":"","base_period":"","series_desc":"","reg_d":20190218,"end_d":99991231,"chk_dt":"","upd_dt":"19\/05\/13"}
,{"agency_id":"ECOS","series_id":"008U003-MM-11110B0-E","series_nm":"예금취급기관의 가계대출 지역별(월별)-월-기타대출-대전","series_alias":"","dataset_id":"008U003","freq_code":"M","freq_nm":"Monthly","area_code":"","area_nm":"","unit_code":"106","unit_nm":"십억원 ","expn_code":"","base_period":"","series_desc":"","reg_d":20190218,"end_d":99991231,"chk_dt":"","upd_dt":"19\/05\/13"}
,{"agency_id":"ECOS","series_id":"008U003-MM-11110B0-F","series_nm":"예금취급기관의 가계대출 지역별(월별)-월-기타대출-광주","series_alias":"","dataset_id":"008U003","freq_code":"M","freq_nm":"Monthly","area_code":"","area_nm":"","unit_code":"106","unit_nm":"십억원 ","expn_code":"","base_period":"","series_desc":"","reg_d":20190218,"end_d":99991231,"chk_dt":"","upd_dt":"19\/05\/13"}
,{"agency_id":"ECOS","series_id":"008U003-MM-11110B0-G","series_nm":"예금취급기관의 가계대출 지역별(월별)-월-기타대출-울산","series_alias":"","dataset_id":"008U003","freq_code":"M","freq_nm":"Monthly","area_code":"","area_nm":"","unit_code":"106","unit_nm":"십억원 ","expn_code":"","base_period":"","series_desc":"","reg_d":20190218,"end_d":99991231,"chk_dt":"","upd_dt":"19\/05\/13"}
,{"agency_id":"ECOS","series_id":"008U003-MM-11110B0-H","series_nm":"예금취급기관의 가계대출 지역별(월별)-월-기타대출-세종","series_alias":"","dataset_id":"008U003","freq_code":"M","freq_nm":"Monthly","area_code":"","area_nm":"","unit_code":"106","unit_nm":"십억원 ","expn_code":"","base_period":"","series_desc":"","reg_d":20190218,"end_d":99991231,"chk_dt":"","upd_dt":"19\/05\/13"}
,{"agency_id":"ECOS","series_id":"041U007-MM-C3300-AH","series_nm":"전국실적(2009.8~)-월-기타제품, 담배-생산설비실적","series_alias":"","dataset_id":"041U007","freq_code":"M","freq_nm":"Monthly","area_code":"","area_nm":"","unit_code":"","unit_nm":"","expn_code":"","base_period":"","series_desc":"","reg_d":20190218,"end_d":99991231,"chk_dt":"","upd_dt":"19\/05\/13"}
,{"agency_id":"ECOS","series_id":"041U007-MM-C3300-AI","series_nm":"전국실적(2009.8~)-월-기타제품, 담배-설비투자실적","series_alias":"","dataset_id":"041U007","freq_code":"M","freq_nm":"Monthly","area_code":"","area_nm":"","unit_code":"","unit_nm":"","expn_code":"","base_period":"","series_desc":"","reg_d":20190218,"end_d":99991231,"chk_dt":"","upd_dt":"19\/05\/13"}
,{"agency_id":"ECOS","series_id":"041U007-MM-C3300-AJ","series_nm":"전국실적(2009.8~)-월-기타제품, 담배-인력사정실적","series_alias":"","dataset_id":"041U007","freq_code":"M","freq_nm":"Monthly","area_code":"","area_nm":"","unit_code":"","unit_nm":"","expn_code":"","base_period":"","series_desc":"","reg_d":20190218,"end_d":99991231,"chk_dt":"","upd_dt":"19\/05\/13"}
,{"agency_id":"ECOS","series_id":"041U007-MM-C3300-AK","series_nm":"전국실적(2009.8~)-월-기타제품, 담배-가동률실적","series_alias":"","dataset_id":"041U007","freq_code":"M","freq_nm":"Monthly","area_code":"","area_nm":"","unit_code":"","unit_nm":"","expn_code":"","base_period":"","series_desc":"","reg_d":20190218,"end_d":99991231,"chk_dt":"","upd_dt":"19\/05\/13"}
,{"agency_id":"ECOS","series_id":"041U007-MM-C3300-AL","series_nm":"전국실적(2009.8~)-월-기타제품, 담배-내수판매실적","series_alias":"","dataset_id":"041U007","freq_code":"M","freq_nm":"Monthly","area_code":"","area_nm":"","unit_code":"","unit_nm":"","expn_code":"","base_period":"","series_desc":"","reg_d":20190218,"end_d":99991231,"chk_dt":"","upd_dt":"19\/05\/13"}
,{"agency_id":"ECOS","series_id":"041U007-MM-C3300-AM","series_nm":"전국실적(2009.8~)-월-기타제품, 담배-수출실적","series_alias":"","dataset_id":"041U007","freq_code":"M","freq_nm":"Monthly","area_code":"","area_nm":"","unit_code":"","unit_nm":"","expn_code":"","base_period":"","series_desc":"","reg_d":20190218,"end_d":99991231,"chk_dt":"","upd_dt":"19\/05\/13"}
,{"agency_id":"ECOS","series_id":"041U007-MM-C3300-AN","series_nm":"전국실적(2009.8~)-월-기타제품, 담배-원자재구입가격실적","series_alias":"","dataset_id":"041U007","freq_code":"M","freq_nm":"Monthly","area_code":"","area_nm":"","unit_code":"","unit_nm":"","expn_code":"","base_period":"","series_desc":"","reg_d":20190218,"end_d":99991231,"chk_dt":"","upd_dt":"19\/05\/13"}
,{"agency_id":"ECOS","series_id":"041U007-MM-C3300-AO","series_nm":"전국실적(2009.8~)-월-기타제품, 담배-자금사정실적","series_alias":"","dataset_id":"041U007","freq_code":"M","freq_nm":"Monthly","area_code":"","area_nm":"","unit_code":"","unit_nm":"","expn_code":"","base_period":"","series_desc":"","reg_d":20190218,"end_d":99991231,"chk_dt":"","upd_dt":"19\/05\/13"}
,{"agency_id":"ECOS","series_id":"041U007-MM-D3500-AA","series_nm":"전국실적(2009.8~)-월-전기·가스·증기-업황실적","series_alias":"","dataset_id":"041U007","freq_code":"M","freq_nm":"Monthly","area_code":"","area_nm":"","unit_code":"","unit_nm":"","expn_code":"","base_period":"","series_desc":"","reg_d":20190218,"end_d":99991231,"chk_dt":"","upd_dt":"19\/05\/13"}
,{"agency_id":"ECOS","series_id":"041U007-MM-D3500-AB","series_nm":"전국실적(2009.8~)-월-전기·가스·증기-매출실적 ","series_alias":"","dataset_id":"041U007","freq_code":"M","freq_nm":"Monthly","area_code":"","area_nm":"","unit_code":"","unit_nm":"","expn_code":"","base_period":"","series_desc":"","reg_d":20190218,"end_d":99991231,"chk_dt":"","upd_dt":"19\/05\/13"}
,{"agency_id":"ECOS","series_id":"018U301-MM-10112-D","series_nm":"수입물가지수(기본분류)(2010=100)-월-채소및과실-달러기준","series_alias":"","dataset_id":"018U301","freq_code":"M","freq_nm":"Monthly","area_code":"","area_nm":"","unit_code":"376","unit_nm":"2010=100","expn_code":"","base_period":"","series_desc":"","reg_d":20190218,"end_d":99991231,"chk_dt":"","upd_dt":"19\/05\/13"}
,{"agency_id":"ECOS","series_id":"018U301-MM-30412-C","series_nm":"수입물가지수(기본분류)(2010=100)-월-섬유직물-계약통화기준","series_alias":"","dataset_id":"018U301","freq_code":"M","freq_nm":"Monthly","area_code":"","area_nm":"","unit_code":"376","unit_nm":"2010=100","expn_code":"","base_period":"","series_desc":"","reg_d":20190218,"end_d":99991231,"chk_dt":"","upd_dt":"19\/05\/13"}
,{"agency_id":"ECOS","series_id":"018U301-MM-30841-W","series_nm":"수입물가지수(기본분류)(2010=100)-월-의약품-원화기준","series_alias":"","dataset_id":"018U301","freq_code":"M","freq_nm":"Monthly","area_code":"","area_nm":"","unit_code":"376","unit_nm":"2010=100","expn_code":"","base_period":"","series_desc":"","reg_d":20190218,"end_d":99991231,"chk_dt":"","upd_dt":"19\/05\/13"}
,{"agency_id":"ECOS","series_id":"018U301-MM-31212-W","series_nm":"수입물가지수(기본분류)(2010=100)-월-일반목적용기계부품-원화기준","series_alias":"","dataset_id":"018U301","freq_code":"M","freq_nm":"Monthly","area_code":"","area_nm":"","unit_code":"376","unit_nm":"2010=100","expn_code":"","base_period":"","series_desc":"","reg_d":20190218,"end_d":99991231,"chk_dt":"","upd_dt":"19\/05\/13"}
,{"agency_id":"ECOS","series_id":"041U019-MM-BO-NA","series_nm":"실적(지역본부)(2013.1~)-월-비제조업 자금사정-충북","series_alias":"","dataset_id":"041U019","freq_code":"M","freq_nm":"Monthly","area_code":"","area_nm":"","unit_code":"","unit_nm":"","expn_code":"","base_period":"","series_desc":"","reg_d":20190218,"end_d":99991231,"chk_dt":"","upd_dt":"19\/05\/13"}
,{"agency_id":"ECOS","series_id":"041U019-MM-BO-PA","series_nm":"실적(지역본부)(2013.1~)-월-비제조업 자금사정-강릉","series_alias":"","dataset_id":"041U019","freq_code":"M","freq_nm":"Monthly","area_code":"","area_nm":"","unit_code":"","unit_nm":"","expn_code":"","base_period":"","series_desc":"","reg_d":20190218,"end_d":99991231,"chk_dt":"","upd_dt":"19\/05\/13"}
,{"agency_id":"ECOS","series_id":"041U019-MM-BO-QA","series_nm":"실적(지역본부)(2013.1~)-월-비제조업 자금사정-전북","series_alias":"","dataset_id":"041U019","freq_code":"M","freq_nm":"Monthly","area_code":"","area_nm":"","unit_code":"","unit_nm":"","expn_code":"","base_period":"","series_desc":"","reg_d":20190218,"end_d":99991231,"chk_dt":"","upd_dt":"19\/05\/13"}
,{"agency_id":"ECOS","series_id":"041U019-MM-BO-RA","series_nm":"실적(지역본부)(2013.1~)-월-비제조업 자금사정-목포","series_alias":"","dataset_id":"041U019","freq_code":"M","freq_nm":"Monthly","area_code":"","area_nm":"","unit_code":"","unit_nm":"","expn_code":"","base_period":"","series_desc":"","reg_d":20190218,"end_d":99991231,"chk_dt":"","upd_dt":"19\/05\/13"}
,{"agency_id":"ECOS","series_id":"041U019-MM-BO-SA","series_nm":"실적(지역본부)(2013.1~)-월-비제조업 자금사정-포항","series_alias":"","dataset_id":"041U019","freq_code":"M","freq_nm":"Monthly","area_code":"","area_nm":"","unit_code":"","unit_nm":"","expn_code":"","base_period":"","series_desc":"","reg_d":20190218,"end_d":99991231,"chk_dt":"","upd_dt":"19\/05\/13"}
,{"agency_id":"ECOS","series_id":"041U019-MM-BO-TA","series_nm":"실적(지역본부)(2013.1~)-월-비제조업 자금사정-경남","series_alias":"","dataset_id":"041U019","freq_code":"M","freq_nm":"Monthly","area_code":"","area_nm":"","unit_code":"","unit_nm":"","expn_code":"","base_period":"","series_desc":"","reg_d":20190218,"end_d":99991231,"chk_dt":"","upd_dt":"19\/05\/13"}
,{"agency_id":"ECOS","series_id":"041U019-MM-BO-UA","series_nm":"실적(지역본부)(2013.1~)-월-비제조업 자금사정-제주","series_alias":"","dataset_id":"041U019","freq_code":"M","freq_nm":"Monthly","area_code":"","area_nm":"","unit_code":"","unit_nm":"","expn_code":"","base_period":"","series_desc":"","reg_d":20190218,"end_d":99991231,"chk_dt":"","upd_dt":"19\/05\/13"}
,{"agency_id":"ECOS","series_id":"041U020-MM-AA-BA","series_nm":"전망(지역본부)(2013.2~)-월-제조업 업황-부산","series_alias":"","dataset_id":"041U020","freq_code":"M","freq_nm":"Monthly","area_code":"","area_nm":"","unit_code":"","unit_nm":"","expn_code":"","base_period":"","series_desc":"","reg_d":20190218,"end_d":99991231,"chk_dt":"","upd_dt":"19\/05\/13"}
,{"agency_id":"ECOS","series_id":"041U007-MM-D3500-AE","series_nm":"전국실적(2009.8~)-월-전기·가스·증기-채산성실적","series_alias":"","dataset_id":"041U007","freq_code":"M","freq_nm":"Monthly","area_code":"","area_nm":"","unit_code":"","unit_nm":"","expn_code":"","base_period":"","series_desc":"","reg_d":20190218,"end_d":99991231,"chk_dt":"","upd_dt":"19\/05\/13"}
,{"agency_id":"ECOS","series_id":"041U007-MM-D3500-AJ","series_nm":"전국실적(2009.8~)-월-전기·가스·증기-인력사정실적","series_alias":"","dataset_id":"041U007","freq_code":"M","freq_nm":"Monthly","area_code":"","area_nm":"","unit_code":"","unit_nm":"","expn_code":"","base_period":"","series_desc":"","reg_d":20190218,"end_d":99991231,"chk_dt":"","upd_dt":"19\/05\/13"}
,{"agency_id":"ECOS","series_id":"041U007-MM-D3500-AO","series_nm":"전국실적(2009.8~)-월-전기·가스·증기-자금사정실적","series_alias":"","dataset_id":"041U007","freq_code":"M","freq_nm":"Monthly","area_code":"","area_nm":"","unit_code":"","unit_nm":"","expn_code":"","base_period":"","series_desc":"","reg_d":20190218,"end_d":99991231,"chk_dt":"","upd_dt":"19\/05\/13"}
,{"agency_id":"ECOS","series_id":"041U007-MM-F4100-AA","series_nm":"전국실적(2009.8~)-월-건설업      -업황실적","series_alias":"","dataset_id":"041U007","freq_code":"M","freq_nm":"Monthly","area_code":"","area_nm":"","unit_code":"","unit_nm":"","expn_code":"","base_period":"","series_desc":"","reg_d":20190218,"end_d":99991231,"chk_dt":"","upd_dt":"19\/05\/13"}
,{"agency_id":"ECOS","series_id":"041U007-MM-F4100-AB","series_nm":"전국실적(2009.8~)-월-건설업      -매출실적 ","series_alias":"","dataset_id":"041U007","freq_code":"M","freq_nm":"Monthly","area_code":"","area_nm":"","unit_code":"","unit_nm":"","expn_code":"","base_period":"","series_desc":"","reg_d":20190218,"end_d":99991231,"chk_dt":"","upd_dt":"19\/05\/13"}
,{"agency_id":"ECOS","series_id":"041U007-MM-F4100-AE","series_nm":"전국실적(2009.8~)-월-건설업      -채산성실적","series_alias":"","dataset_id":"041U007","freq_code":"M","freq_nm":"Monthly","area_code":"","area_nm":"","unit_code":"","unit_nm":"","expn_code":"","base_period":"","series_desc":"","reg_d":20190218,"end_d":99991231,"chk_dt":"","upd_dt":"19\/05\/13"}
,{"agency_id":"ECOS","series_id":"041U007-MM-F4100-AJ","series_nm":"전국실적(2009.8~)-월-건설업      -인력사정실적","series_alias":"","dataset_id":"041U007","freq_code":"M","freq_nm":"Monthly","area_code":"","area_nm":"","unit_code":"","unit_nm":"","expn_code":"","base_period":"","series_desc":"","reg_d":20190218,"end_d":99991231,"chk_dt":"","upd_dt":"19\/05\/13"}
,{"agency_id":"ECOS","series_id":"041U007-MM-F4100-AO","series_nm":"전국실적(2009.8~)-월-건설업      -자금사정실적","series_alias":"","dataset_id":"041U007","freq_code":"M","freq_nm":"Monthly","area_code":"","area_nm":"","unit_code":"","unit_nm":"","expn_code":"","base_period":"","series_desc":"","reg_d":20190218,"end_d":99991231,"chk_dt":"","upd_dt":"19\/05\/13"}
,{"agency_id":"ECOS","series_id":"041U007-MM-G4500-AA","series_nm":"전국실적(2009.8~)-월-도소매업-업황실적","series_alias":"","dataset_id":"041U007","freq_code":"M","freq_nm":"Monthly","area_code":"","area_nm":"","unit_code":"","unit_nm":"","expn_code":"","base_period":"","series_desc":"","reg_d":20190218,"end_d":99991231,"chk_dt":"","upd_dt":"19\/05\/13"}
,{"agency_id":"ECOS","series_id":"041U007-MM-G4500-AB","series_nm":"전국실적(2009.8~)-월-도소매업-매출실적 ","series_alias":"","dataset_id":"041U007","freq_code":"M","freq_nm":"Monthly","area_code":"","area_nm":"","unit_code":"","unit_nm":"","expn_code":"","base_period":"","series_desc":"","reg_d":20190218,"end_d":99991231,"chk_dt":"","upd_dt":"19\/05\/13"}
,{"agency_id":"ECOS","series_id":"041U007-MM-G4500-AE","series_nm":"전국실적(2009.8~)-월-도소매업-채산성실적","series_alias":"","dataset_id":"041U007","freq_code":"M","freq_nm":"Monthly","area_code":"","area_nm":"","unit_code":"","unit_nm":"","expn_code":"","base_period":"","series_desc":"","reg_d":20190218,"end_d":99991231,"chk_dt":"","upd_dt":"19\/05\/13"}
,{"agency_id":"ECOS","series_id":"041U007-MM-G4500-AJ","series_nm":"전국실적(2009.8~)-월-도소매업-인력사정실적","series_alias":"","dataset_id":"041U007","freq_code":"M","freq_nm":"Monthly","area_code":"","area_nm":"","unit_code":"","unit_nm":"","expn_code":"","base_period":"","series_desc":"","reg_d":20190218,"end_d":99991231,"chk_dt":"","upd_dt":"19\/05\/13"}
,{"agency_id":"ECOS","series_id":"041U007-MM-G4500-AO","series_nm":"전국실적(2009.8~)-월-도소매업-자금사정실적","series_alias":"","dataset_id":"041U007","freq_code":"M","freq_nm":"Monthly","area_code":"","area_nm":"","unit_code":"","unit_nm":"","expn_code":"","base_period":"","series_desc":"","reg_d":20190218,"end_d":99991231,"chk_dt":"","upd_dt":"19\/05\/13"}
,{"agency_id":"ECOS","series_id":"041U007-MM-H4900-AA","series_nm":"전국실적(2009.8~)-월-운수창고업-업황실적","series_alias":"","dataset_id":"041U007","freq_code":"M","freq_nm":"Monthly","area_code":"","area_nm":"","unit_code":"","unit_nm":"","expn_code":"","base_period":"","series_desc":"","reg_d":20190218,"end_d":99991231,"chk_dt":"","upd_dt":"19\/05\/13"}
,{"agency_id":"ECOS","series_id":"041U007-MM-H4900-AB","series_nm":"전국실적(2009.8~)-월-운수창고업-매출실적 ","series_alias":"","dataset_id":"041U007","freq_code":"M","freq_nm":"Monthly","area_code":"","area_nm":"","unit_code":"","unit_nm":"","expn_code":"","base_period":"","series_desc":"","reg_d":20190218,"end_d":99991231,"chk_dt":"","upd_dt":"19\/05\/13"}
,{"agency_id":"ECOS","series_id":"041U007-MM-H4900-AE","series_nm":"전국실적(2009.8~)-월-운수창고업-채산성실적","series_alias":"","dataset_id":"041U007","freq_code":"M","freq_nm":"Monthly","area_code":"","area_nm":"","unit_code":"","unit_nm":"","expn_code":"","base_period":"","series_desc":"","reg_d":20190218,"end_d":99991231,"chk_dt":"","upd_dt":"19\/05\/13"}
,{"agency_id":"ECOS","series_id":"041U007-MM-H4900-AJ","series_nm":"전국실적(2009.8~)-월-운수창고업-인력사정실적","series_alias":"","dataset_id":"041U007","freq_code":"M","freq_nm":"Monthly","area_code":"","area_nm":"","unit_code":"","unit_nm":"","expn_code":"","base_period":"","series_desc":"","reg_d":20190218,"end_d":99991231,"chk_dt":"","upd_dt":"19\/05\/13"}
,{"agency_id":"ECOS","series_id":"041U007-MM-H4900-AO","series_nm":"전국실적(2009.8~)-월-운수창고업-자금사정실적","series_alias":"","dataset_id":"041U007","freq_code":"M","freq_nm":"Monthly","area_code":"","area_nm":"","unit_code":"","unit_nm":"","expn_code":"","base_period":"","series_desc":"","reg_d":20190218,"end_d":99991231,"chk_dt":"","upd_dt":"19\/05\/13"}
,{"agency_id":"ECOS","series_id":"041U007-MM-I5500-AA","series_nm":"전국실적(2009.8~)-월-숙박업     -업황실적","series_alias":"","dataset_id":"041U007","freq_code":"M","freq_nm":"Monthly","area_code":"","area_nm":"","unit_code":"","unit_nm":"","expn_code":"","base_period":"","series_desc":"","reg_d":20190218,"end_d":99991231,"chk_dt":"","upd_dt":"19\/05\/13"}
,{"agency_id":"ECOS","series_id":"041U007-MM-I5500-AB","series_nm":"전국실적(2009.8~)-월-숙박업     -매출실적 ","series_alias":"","dataset_id":"041U007","freq_code":"M","freq_nm":"Monthly","area_code":"","area_nm":"","unit_code":"","unit_nm":"","expn_code":"","base_period":"","series_desc":"","reg_d":20190218,"end_d":99991231,"chk_dt":"","upd_dt":"19\/05\/13"}
,{"agency_id":"ECOS","series_id":"041U007-MM-I5500-AE","series_nm":"전국실적(2009.8~)-월-숙박업     -채산성실적","series_alias":"","dataset_id":"041U007","freq_code":"M","freq_nm":"Monthly","area_code":"","area_nm":"","unit_code":"","unit_nm":"","expn_code":"","base_period":"","series_desc":"","reg_d":20190218,"end_d":99991231,"chk_dt":"","upd_dt":"19\/05\/13"}
,{"agency_id":"ECOS","series_id":"041U007-MM-I5500-AJ","series_nm":"전국실적(2009.8~)-월-숙박업     -인력사정실적","series_alias":"","dataset_id":"041U007","freq_code":"M","freq_nm":"Monthly","area_code":"","area_nm":"","unit_code":"","unit_nm":"","expn_code":"","base_period":"","series_desc":"","reg_d":20190218,"end_d":99991231,"chk_dt":"","upd_dt":"19\/05\/13"}
,{"agency_id":"ECOS","series_id":"041U007-MM-I5500-AO","series_nm":"전국실적(2009.8~)-월-숙박업     -자금사정실적","series_alias":"","dataset_id":"041U007","freq_code":"M","freq_nm":"Monthly","area_code":"","area_nm":"","unit_code":"","unit_nm":"","expn_code":"","base_period":"","series_desc":"","reg_d":20190218,"end_d":99991231,"chk_dt":"","upd_dt":"19\/05\/13"}
,{"agency_id":"ECOS","series_id":"041U007-MM-J5800-AA","series_nm":"전국실적(2009.8~)-월-정보통신업-업황실적","series_alias":"","dataset_id":"041U007","freq_code":"M","freq_nm":"Monthly","area_code":"","area_nm":"","unit_code":"","unit_nm":"","expn_code":"","base_period":"","series_desc":"","reg_d":20190218,"end_d":99991231,"chk_dt":"","upd_dt":"19\/05\/13"}
,{"agency_id":"ECOS","series_id":"041U007-MM-J5800-AB","series_nm":"전국실적(2009.8~)-월-정보통신업-매출실적 ","series_alias":"","dataset_id":"041U007","freq_code":"M","freq_nm":"Monthly","area_code":"","area_nm":"","unit_code":"","unit_nm":"","expn_code":"","base_period":"","series_desc":"","reg_d":20190218,"end_d":99991231,"chk_dt":"","upd_dt":"19\/05\/13"}
,{"agency_id":"ECOS","series_id":"041U007-MM-J5800-AE","series_nm":"전국실적(2009.8~)-월-정보통신업-채산성실적","series_alias":"","dataset_id":"041U007","freq_code":"M","freq_nm":"Monthly","area_code":"","area_nm":"","unit_code":"","unit_nm":"","expn_code":"","base_period":"","series_desc":"","reg_d":20190218,"end_d":99991231,"chk_dt":"","upd_dt":"19\/05\/13"}
,{"agency_id":"ECOS","series_id":"041U007-MM-J5800-AJ","series_nm":"전국실적(2009.8~)-월-정보통신업-인력사정실적","series_alias":"","dataset_id":"041U007","freq_code":"M","freq_nm":"Monthly","area_code":"","area_nm":"","unit_code":"","unit_nm":"","expn_code":"","base_period":"","series_desc":"","reg_d":20190218,"end_d":99991231,"chk_dt":"","upd_dt":"19\/05\/13"}
,{"agency_id":"ECOS","series_id":"041U007-MM-J5800-AO","series_nm":"전국실적(2009.8~)-월-정보통신업-자금사정실적","series_alias":"","dataset_id":"041U007","freq_code":"M","freq_nm":"Monthly","area_code":"","area_nm":"","unit_code":"","unit_nm":"","expn_code":"","base_period":"","series_desc":"","reg_d":20190218,"end_d":99991231,"chk_dt":"","upd_dt":"19\/05\/13"}
,{"agency_id":"ECOS","series_id":"041U007-MM-L6800-AA","series_nm":"전국실적(2009.8~)-월-부동산업-업황실적","series_alias":"","dataset_id":"041U007","freq_code":"M","freq_nm":"Monthly","area_code":"","area_nm":"","unit_code":"","unit_nm":"","expn_code":"","base_period":"","series_desc":"","reg_d":20190218,"end_d":99991231,"chk_dt":"","upd_dt":"19\/05\/13"}
]